timestamp,filename,out_path,vertices,angle_deg,curvature_level,orientation_deg,smooth_strength,img_size,stroke,margin
2025-10-29T17:44:47,stim_nv1_ang45_curv0_rot+000.png,/Users/miraicgoren/Documents/Curvature_Stimuli/stimuli27_oriented/images/curv0/stim_nv1_ang45_curv0_rot+000.png,1,45,0,0,0.0,512,9,40
2025-10-29T17:44:47,stim_nv1_ang45_curv0_rot+045.png,/Users/miraicgoren/Documents/Curvature_Stimuli/stimuli27_oriented/images/curv0/stim_nv1_ang45_curv0_rot+045.png,1,45,0,45,0.0,512,9,40
2025-10-29T17:44:47,stim_nv1_ang45_curv0_rot+090.png,/Users/miraicgoren/Documents/Curvature_Stimuli/stimuli27_oriented/images/curv0/stim_nv1_ang45_curv0_rot+090.png,1,45,0,90,0.0,512,9,40
2025-10-29T17:44:47,stim_nv1_ang45_curv0_rot+135.png,/Users/miraicgoren/Documents/Curvature_Stimuli/stimuli27_oriented/images/curv0/stim_nv1_ang45_curv0_rot+135.png,1,45,0,135,0.0,512,9,40
2025-10-29T17:44:47,stim_nv1_ang45_curv0_rot+180.png,/Users/miraicgoren/Documents/Curvature_Stimuli/stimuli27_oriented/images/curv0/stim_nv1_ang45_curv0_rot+180.png,1,45,0,180,0.0,512,9,40
2025-10-29T17:44:47,stim_nv1_ang45_curv0_rot-045.png,/Users/miraicgoren/Documents/Curvature_Stimuli/stimuli27_oriented/images/curv0/stim_nv1_ang45_curv0_rot-045.png,1,45,0,-45,0.0,512,9,40
2025-10-29T17:44:47,stim_nv1_ang45_curv0_rot-090.png,/Users/miraicgoren/Documents/Curvature_Stimuli/stimuli27_oriented/images/curv0/stim_nv1_ang45_curv0_rot-090.png,1,45,0,-90,0.0,512,9,40
2025-10-29T17:44:47,stim_nv1_ang45_curv0_rot-135.png,/Users/miraicgoren/Documents/Curvature_Stimuli/stimuli27_oriented/images/curv0/stim_nv1_ang45_curv0_rot-135.png,1,45,0,-135,0.0,512,9,40
2025-10-29T17:44:47,stim_nv1_ang45_curv1_rot+000.png,/Users/miraicgoren/Documents/Curvature_Stimuli/stimuli27_oriented/images/curv1/stim_nv1_ang45_curv1_rot+000.png,1,45,1,0,0.6,512,9,40
2025-10-29T17:44:47,stim_nv1_ang45_curv1_rot+045.png,/Users/miraicgoren/Documents/Curvature_Stimuli/stimuli27_oriented/images/curv1/stim_nv1_ang45_curv1_rot+045.png,1,45,1,45,0.6,512,9,40
2025-10-29T17:44:47,stim_nv1_ang45_curv1_rot+090.png,/Users/miraicgoren/Documents/Curvature_Stimuli/stimuli27_oriented/images/curv1/stim_nv1_ang45_curv1_rot+090.png,1,45,1,90,0.6,512,9,40
2025-10-29T17:44:47,stim_nv1_ang45_curv1_rot+135.png,/Users/miraicgoren/Documents/Curvature_Stimuli/stimuli27_oriented/images/curv1/stim_nv1_ang45_curv1_rot+135.png,1,45,1,135,0.6,512,9,40
2025-10-29T17:44:47,stim_nv1_ang45_curv1_rot+180.png,/Users/miraicgoren/Documents/Curvature_Stimuli/stimuli27_oriented/images/curv1/stim_nv1_ang45_curv1_rot+180.png,1,45,1,180,0.6,512,9,40
2025-10-29T17:44:47,stim_nv1_ang45_curv1_rot-045.png,/Users/miraicgoren/Documents/Curvature_Stimuli/stimuli27_oriented/images/curv1/stim_nv1_ang45_curv1_rot-045.png,1,45,1,-45,0.6,512,9,40
2025-10-29T17:44:47,stim_nv1_ang45_curv1_rot-090.png,/Users/miraicgoren/Documents/Curvature_Stimuli/stimuli27_oriented/images/curv1/stim_nv1_ang45_curv1_rot-090.png,1,45,1,-90,0.6,512,9,40
2025-10-29T17:44:47,stim_nv1_ang45_curv1_rot-135.png,/Users/miraicgoren/Documents/Curvature_Stimuli/stimuli27_oriented/images/curv1/stim_nv1_ang45_curv1_rot-135.png,1,45,1,-135,0.6,512,9,40
2025-10-29T17:44:47,stim_nv1_ang45_curv2_rot+000.png,/Users/miraicgoren/Documents/Curvature_Stimuli/stimuli27_oriented/images/curv2/stim_nv1_ang45_curv2_rot+000.png,1,45,2,0,1.1,512,9,40
2025-10-29T17:44:47,stim_nv1_ang45_curv2_rot+045.png,/Users/miraicgoren/Documents/Curvature_Stimuli/stimuli27_oriented/images/curv2/stim_nv1_ang45_curv2_rot+045.png,1,45,2,45,1.1,512,9,40
2025-10-29T17:44:47,stim_nv1_ang45_curv2_rot+090.png,/Users/miraicgoren/Documents/Curvature_Stimuli/stimuli27_oriented/images/curv2/stim_nv1_ang45_curv2_rot+090.png,1,45,2,90,1.1,512,9,40
2025-10-29T17:44:47,stim_nv1_ang45_curv2_rot+135.png,/Users/miraicgoren/Documents/Curvature_Stimuli/stimuli27_oriented/images/curv2/stim_nv1_ang45_curv2_rot+135.png,1,45,2,135,1.1,512,9,40
2025-10-29T17:44:47,stim_nv1_ang45_curv2_rot+180.png,/Users/miraicgoren/Documents/Curvature_Stimuli/stimuli27_oriented/images/curv2/stim_nv1_ang45_curv2_rot+180.png,1,45,2,180,1.1,512,9,40
2025-10-29T17:44:47,stim_nv1_ang45_curv2_rot-045.png,/Users/miraicgoren/Documents/Curvature_Stimuli/stimuli27_oriented/images/curv2/stim_nv1_ang45_curv2_rot-045.png,1,45,2,-45,1.1,512,9,40
2025-10-29T17:44:48,stim_nv1_ang45_curv2_rot-090.png,/Users/miraicgoren/Documents/Curvature_Stimuli/stimuli27_oriented/images/curv2/stim_nv1_ang45_curv2_rot-090.png,1,45,2,-90,1.1,512,9,40
2025-10-29T17:44:48,stim_nv1_ang45_curv2_rot-135.png,/Users/miraicgoren/Documents/Curvature_Stimuli/stimuli27_oriented/images/curv2/stim_nv1_ang45_curv2_rot-135.png,1,45,2,-135,1.1,512,9,40
2025-10-29T17:44:48,stim_nv1_ang90_curv0_rot+000.png,/Users/miraicgoren/Documents/Curvature_Stimuli/stimuli27_oriented/images/curv0/stim_nv1_ang90_curv0_rot+000.png,1,90,0,0,0.0,512,9,40
2025-10-29T17:44:48,stim_nv1_ang90_curv0_rot+045.png,/Users/miraicgoren/Documents/Curvature_Stimuli/stimuli27_oriented/images/curv0/stim_nv1_ang90_curv0_rot+045.png,1,90,0,45,0.0,512,9,40
2025-10-29T17:44:48,stim_nv1_ang90_curv0_rot+090.png,/Users/miraicgoren/Documents/Curvature_Stimuli/stimuli27_oriented/images/curv0/stim_nv1_ang90_curv0_rot+090.png,1,90,0,90,0.0,512,9,40
2025-10-29T17:44:48,stim_nv1_ang90_curv0_rot+135.png,/Users/miraicgoren/Documents/Curvature_Stimuli/stimuli27_oriented/images/curv0/stim_nv1_ang90_curv0_rot+135.png,1,90,0,135,0.0,512,9,40
2025-10-29T17:44:48,stim_nv1_ang90_curv0_rot+180.png,/Users/miraicgoren/Documents/Curvature_Stimuli/stimuli27_oriented/images/curv0/stim_nv1_ang90_curv0_rot+180.png,1,90,0,180,0.0,512,9,40
2025-10-29T17:44:48,stim_nv1_ang90_curv0_rot-045.png,/Users/miraicgoren/Documents/Curvature_Stimuli/stimuli27_oriented/images/curv0/stim_nv1_ang90_curv0_rot-045.png,1,90,0,-45,0.0,512,9,40
2025-10-29T17:44:48,stim_nv1_ang90_curv0_rot-090.png,/Users/miraicgoren/Documents/Curvature_Stimuli/stimuli27_oriented/images/curv0/stim_nv1_ang90_curv0_rot-090.png,1,90,0,-90,0.0,512,9,40
2025-10-29T17:44:48,stim_nv1_ang90_curv0_rot-135.png,/Users/miraicgoren/Documents/Curvature_Stimuli/stimuli27_oriented/images/curv0/stim_nv1_ang90_curv0_rot-135.png,1,90,0,-135,0.0,512,9,40
2025-10-29T17:44:48,stim_nv1_ang90_curv1_rot+000.png,/Users/miraicgoren/Documents/Curvature_Stimuli/stimuli27_oriented/images/curv1/stim_nv1_ang90_curv1_rot+000.png,1,90,1,0,0.6,512,9,40
2025-10-29T17:44:48,stim_nv1_ang90_curv1_rot+045.png,/Users/miraicgoren/Documents/Curvature_Stimuli/stimuli27_oriented/images/curv1/stim_nv1_ang90_curv1_rot+045.png,1,90,1,45,0.6,512,9,40
2025-10-29T17:44:48,stim_nv1_ang90_curv1_rot+090.png,/Users/miraicgoren/Documents/Curvature_Stimuli/stimuli27_oriented/images/curv1/stim_nv1_ang90_curv1_rot+090.png,1,90,1,90,0.6,512,9,40
2025-10-29T17:44:48,stim_nv1_ang90_curv1_rot+135.png,/Users/miraicgoren/Documents/Curvature_Stimuli/stimuli27_oriented/images/curv1/stim_nv1_ang90_curv1_rot+135.png,1,90,1,135,0.6,512,9,40
2025-10-29T17:44:48,stim_nv1_ang90_curv1_rot+180.png,/Users/miraicgoren/Documents/Curvature_Stimuli/stimuli27_oriented/images/curv1/stim_nv1_ang90_curv1_rot+180.png,1,90,1,180,0.6,512,9,40
2025-10-29T17:44:48,stim_nv1_ang90_curv1_rot-045.png,/Users/miraicgoren/Documents/Curvature_Stimuli/stimuli27_oriented/images/curv1/stim_nv1_ang90_curv1_rot-045.png,1,90,1,-45,0.6,512,9,40
2025-10-29T17:44:48,stim_nv1_ang90_curv1_rot-090.png,/Users/miraicgoren/Documents/Curvature_Stimuli/stimuli27_oriented/images/curv1/stim_nv1_ang90_curv1_rot-090.png,1,90,1,-90,0.6,512,9,40
2025-10-29T17:44:48,stim_nv1_ang90_curv1_rot-135.png,/Users/miraicgoren/Documents/Curvature_Stimuli/stimuli27_oriented/images/curv1/stim_nv1_ang90_curv1_rot-135.png,1,90,1,-135,0.6,512,9,40
2025-10-29T17:44:48,stim_nv1_ang90_curv2_rot+000.png,/Users/miraicgoren/Documents/Curvature_Stimuli/stimuli27_oriented/images/curv2/stim_nv1_ang90_curv2_rot+000.png,1,90,2,0,1.1,512,9,40
2025-10-29T17:44:48,stim_nv1_ang90_curv2_rot+045.png,/Users/miraicgoren/Documents/Curvature_Stimuli/stimuli27_oriented/images/curv2/stim_nv1_ang90_curv2_rot+045.png,1,90,2,45,1.1,512,9,40
2025-10-29T17:44:48,stim_nv1_ang90_curv2_rot+090.png,/Users/miraicgoren/Documents/Curvature_Stimuli/stimuli27_oriented/images/curv2/stim_nv1_ang90_curv2_rot+090.png,1,90,2,90,1.1,512,9,40
2025-10-29T17:44:48,stim_nv1_ang90_curv2_rot+135.png,/Users/miraicgoren/Documents/Curvature_Stimuli/stimuli27_oriented/images/curv2/stim_nv1_ang90_curv2_rot+135.png,1,90,2,135,1.1,512,9,40
2025-10-29T17:44:48,stim_nv1_ang90_curv2_rot+180.png,/Users/miraicgoren/Documents/Curvature_Stimuli/stimuli27_oriented/images/curv2/stim_nv1_ang90_curv2_rot+180.png,1,90,2,180,1.1,512,9,40
2025-10-29T17:44:48,stim_nv1_ang90_curv2_rot-045.png,/Users/miraicgoren/Documents/Curvature_Stimuli/stimuli27_oriented/images/curv2/stim_nv1_ang90_curv2_rot-045.png,1,90,2,-45,1.1,512,9,40
2025-10-29T17:44:48,stim_nv1_ang90_curv2_rot-090.png,/Users/miraicgoren/Documents/Curvature_Stimuli/stimuli27_oriented/images/curv2/stim_nv1_ang90_curv2_rot-090.png,1,90,2,-90,1.1,512,9,40
2025-10-29T17:44:48,stim_nv1_ang90_curv2_rot-135.png,/Users/miraicgoren/Documents/Curvature_Stimuli/stimuli27_oriented/images/curv2/stim_nv1_ang90_curv2_rot-135.png,1,90,2,-135,1.1,512,9,40
2025-10-29T17:44:48,stim_nv1_ang135_curv0_rot+000.png,/Users/miraicgoren/Documents/Curvature_Stimuli/stimuli27_oriented/images/curv0/stim_nv1_ang135_curv0_rot+000.png,1,135,0,0,0.0,512,9,40
2025-10-29T17:44:48,stim_nv1_ang135_curv0_rot+045.png,/Users/miraicgoren/Documents/Curvature_Stimuli/stimuli27_oriented/images/curv0/stim_nv1_ang135_curv0_rot+045.png,1,135,0,45,0.0,512,9,40
2025-10-29T17:44:48,stim_nv1_ang135_curv0_rot+090.png,/Users/miraicgoren/Documents/Curvature_Stimuli/stimuli27_oriented/images/curv0/stim_nv1_ang135_curv0_rot+090.png,1,135,0,90,0.0,512,9,40
2025-10-29T17:44:48,stim_nv1_ang135_curv0_rot+135.png,/Users/miraicgoren/Documents/Curvature_Stimuli/stimuli27_oriented/images/curv0/stim_nv1_ang135_curv0_rot+135.png,1,135,0,135,0.0,512,9,40
2025-10-29T17:44:48,stim_nv1_ang135_curv0_rot+180.png,/Users/miraicgoren/Documents/Curvature_Stimuli/stimuli27_oriented/images/curv0/stim_nv1_ang135_curv0_rot+180.png,1,135,0,180,0.0,512,9,40
2025-10-29T17:44:49,stim_nv1_ang135_curv0_rot-045.png,/Users/miraicgoren/Documents/Curvature_Stimuli/stimuli27_oriented/images/curv0/stim_nv1_ang135_curv0_rot-045.png,1,135,0,-45,0.0,512,9,40
2025-10-29T17:44:49,stim_nv1_ang135_curv0_rot-090.png,/Users/miraicgoren/Documents/Curvature_Stimuli/stimuli27_oriented/images/curv0/stim_nv1_ang135_curv0_rot-090.png,1,135,0,-90,0.0,512,9,40
2025-10-29T17:44:49,stim_nv1_ang135_curv0_rot-135.png,/Users/miraicgoren/Documents/Curvature_Stimuli/stimuli27_oriented/images/curv0/stim_nv1_ang135_curv0_rot-135.png,1,135,0,-135,0.0,512,9,40
2025-10-29T17:44:49,stim_nv1_ang135_curv1_rot+000.png,/Users/miraicgoren/Documents/Curvature_Stimuli/stimuli27_oriented/images/curv1/stim_nv1_ang135_curv1_rot+000.png,1,135,1,0,0.6,512,9,40
2025-10-29T17:44:49,stim_nv1_ang135_curv1_rot+045.png,/Users/miraicgoren/Documents/Curvature_Stimuli/stimuli27_oriented/images/curv1/stim_nv1_ang135_curv1_rot+045.png,1,135,1,45,0.6,512,9,40
2025-10-29T17:44:49,stim_nv1_ang135_curv1_rot+090.png,/Users/miraicgoren/Documents/Curvature_Stimuli/stimuli27_oriented/images/curv1/stim_nv1_ang135_curv1_rot+090.png,1,135,1,90,0.6,512,9,40
2025-10-29T17:44:49,stim_nv1_ang135_curv1_rot+135.png,/Users/miraicgoren/Documents/Curvature_Stimuli/stimuli27_oriented/images/curv1/stim_nv1_ang135_curv1_rot+135.png,1,135,1,135,0.6,512,9,40
2025-10-29T17:44:49,stim_nv1_ang135_curv1_rot+180.png,/Users/miraicgoren/Documents/Curvature_Stimuli/stimuli27_oriented/images/curv1/stim_nv1_ang135_curv1_rot+180.png,1,135,1,180,0.6,512,9,40
2025-10-29T17:44:49,stim_nv1_ang135_curv1_rot-045.png,/Users/miraicgoren/Documents/Curvature_Stimuli/stimuli27_oriented/images/curv1/stim_nv1_ang135_curv1_rot-045.png,1,135,1,-45,0.6,512,9,40
2025-10-29T17:44:49,stim_nv1_ang135_curv1_rot-090.png,/Users/miraicgoren/Documents/Curvature_Stimuli/stimuli27_oriented/images/curv1/stim_nv1_ang135_curv1_rot-090.png,1,135,1,-90,0.6,512,9,40
2025-10-29T17:44:49,stim_nv1_ang135_curv1_rot-135.png,/Users/miraicgoren/Documents/Curvature_Stimuli/stimuli27_oriented/images/curv1/stim_nv1_ang135_curv1_rot-135.png,1,135,1,-135,0.6,512,9,40
2025-10-29T17:44:49,stim_nv1_ang135_curv2_rot+000.png,/Users/miraicgoren/Documents/Curvature_Stimuli/stimuli27_oriented/images/curv2/stim_nv1_ang135_curv2_rot+000.png,1,135,2,0,1.1,512,9,40
2025-10-29T17:44:49,stim_nv1_ang135_curv2_rot+045.png,/Users/miraicgoren/Documents/Curvature_Stimuli/stimuli27_oriented/images/curv2/stim_nv1_ang135_curv2_rot+045.png,1,135,2,45,1.1,512,9,40
2025-10-29T17:44:49,stim_nv1_ang135_curv2_rot+090.png,/Users/miraicgoren/Documents/Curvature_Stimuli/stimuli27_oriented/images/curv2/stim_nv1_ang135_curv2_rot+090.png,1,135,2,90,1.1,512,9,40
2025-10-29T17:44:49,stim_nv1_ang135_curv2_rot+135.png,/Users/miraicgoren/Documents/Curvature_Stimuli/stimuli27_oriented/images/curv2/stim_nv1_ang135_curv2_rot+135.png,1,135,2,135,1.1,512,9,40
2025-10-29T17:44:49,stim_nv1_ang135_curv2_rot+180.png,/Users/miraicgoren/Documents/Curvature_Stimuli/stimuli27_oriented/images/curv2/stim_nv1_ang135_curv2_rot+180.png,1,135,2,180,1.1,512,9,40
2025-10-29T17:44:49,stim_nv1_ang135_curv2_rot-045.png,/Users/miraicgoren/Documents/Curvature_Stimuli/stimuli27_oriented/images/curv2/stim_nv1_ang135_curv2_rot-045.png,1,135,2,-45,1.1,512,9,40
2025-10-29T17:44:49,stim_nv1_ang135_curv2_rot-090.png,/Users/miraicgoren/Documents/Curvature_Stimuli/stimuli27_oriented/images/curv2/stim_nv1_ang135_curv2_rot-090.png,1,135,2,-90,1.1,512,9,40
2025-10-29T17:44:49,stim_nv1_ang135_curv2_rot-135.png,/Users/miraicgoren/Documents/Curvature_Stimuli/stimuli27_oriented/images/curv2/stim_nv1_ang135_curv2_rot-135.png,1,135,2,-135,1.1,512,9,40
2025-10-29T17:44:49,stim_nv2_ang45_curv0_rot+000.png,/Users/miraicgoren/Documents/Curvature_Stimuli/stimuli27_oriented/images/curv0/stim_nv2_ang45_curv0_rot+000.png,2,45,0,0,0.0,512,9,40
2025-10-29T17:44:49,stim_nv2_ang45_curv0_rot+045.png,/Users/miraicgoren/Documents/Curvature_Stimuli/stimuli27_oriented/images/curv0/stim_nv2_ang45_curv0_rot+045.png,2,45,0,45,0.0,512,9,40
2025-10-29T17:44:49,stim_nv2_ang45_curv0_rot+090.png,/Users/miraicgoren/Documents/Curvature_Stimuli/stimuli27_oriented/images/curv0/stim_nv2_ang45_curv0_rot+090.png,2,45,0,90,0.0,512,9,40
2025-10-29T17:44:49,stim_nv2_ang45_curv0_rot+135.png,/Users/miraicgoren/Documents/Curvature_Stimuli/stimuli27_oriented/images/curv0/stim_nv2_ang45_curv0_rot+135.png,2,45,0,135,0.0,512,9,40
2025-10-29T17:44:49,stim_nv2_ang45_curv0_rot+180.png,/Users/miraicgoren/Documents/Curvature_Stimuli/stimuli27_oriented/images/curv0/stim_nv2_ang45_curv0_rot+180.png,2,45,0,180,0.0,512,9,40
2025-10-29T17:44:49,stim_nv2_ang45_curv0_rot-045.png,/Users/miraicgoren/Documents/Curvature_Stimuli/stimuli27_oriented/images/curv0/stim_nv2_ang45_curv0_rot-045.png,2,45,0,-45,0.0,512,9,40
2025-10-29T17:44:49,stim_nv2_ang45_curv0_rot-090.png,/Users/miraicgoren/Documents/Curvature_Stimuli/stimuli27_oriented/images/curv0/stim_nv2_ang45_curv0_rot-090.png,2,45,0,-90,0.0,512,9,40
2025-10-29T17:44:49,stim_nv2_ang45_curv0_rot-135.png,/Users/miraicgoren/Documents/Curvature_Stimuli/stimuli27_oriented/images/curv0/stim_nv2_ang45_curv0_rot-135.png,2,45,0,-135,0.0,512,9,40
2025-10-29T17:44:49,stim_nv2_ang45_curv1_rot+000.png,/Users/miraicgoren/Documents/Curvature_Stimuli/stimuli27_oriented/images/curv1/stim_nv2_ang45_curv1_rot+000.png,2,45,1,0,0.6,512,9,40
2025-10-29T17:44:49,stim_nv2_ang45_curv1_rot+045.png,/Users/miraicgoren/Documents/Curvature_Stimuli/stimuli27_oriented/images/curv1/stim_nv2_ang45_curv1_rot+045.png,2,45,1,45,0.6,512,9,40
2025-10-29T17:44:49,stim_nv2_ang45_curv1_rot+090.png,/Users/miraicgoren/Documents/Curvature_Stimuli/stimuli27_oriented/images/curv1/stim_nv2_ang45_curv1_rot+090.png,2,45,1,90,0.6,512,9,40
2025-10-29T17:44:50,stim_nv2_ang45_curv1_rot+135.png,/Users/miraicgoren/Documents/Curvature_Stimuli/stimuli27_oriented/images/curv1/stim_nv2_ang45_curv1_rot+135.png,2,45,1,135,0.6,512,9,40
2025-10-29T17:44:50,stim_nv2_ang45_curv1_rot+180.png,/Users/miraicgoren/Documents/Curvature_Stimuli/stimuli27_oriented/images/curv1/stim_nv2_ang45_curv1_rot+180.png,2,45,1,180,0.6,512,9,40
2025-10-29T17:44:50,stim_nv2_ang45_curv1_rot-045.png,/Users/miraicgoren/Documents/Curvature_Stimuli/stimuli27_oriented/images/curv1/stim_nv2_ang45_curv1_rot-045.png,2,45,1,-45,0.6,512,9,40
2025-10-29T17:44:50,stim_nv2_ang45_curv1_rot-090.png,/Users/miraicgoren/Documents/Curvature_Stimuli/stimuli27_oriented/images/curv1/stim_nv2_ang45_curv1_rot-090.png,2,45,1,-90,0.6,512,9,40
2025-10-29T17:44:50,stim_nv2_ang45_curv1_rot-135.png,/Users/miraicgoren/Documents/Curvature_Stimuli/stimuli27_oriented/images/curv1/stim_nv2_ang45_curv1_rot-135.png,2,45,1,-135,0.6,512,9,40
2025-10-29T17:44:50,stim_nv2_ang45_curv2_rot+000.png,/Users/miraicgoren/Documents/Curvature_Stimuli/stimuli27_oriented/images/curv2/stim_nv2_ang45_curv2_rot+000.png,2,45,2,0,1.1,512,9,40
2025-10-29T17:44:50,stim_nv2_ang45_curv2_rot+045.png,/Users/miraicgoren/Documents/Curvature_Stimuli/stimuli27_oriented/images/curv2/stim_nv2_ang45_curv2_rot+045.png,2,45,2,45,1.1,512,9,40
2025-10-29T17:44:50,stim_nv2_ang45_curv2_rot+090.png,/Users/miraicgoren/Documents/Curvature_Stimuli/stimuli27_oriented/images/curv2/stim_nv2_ang45_curv2_rot+090.png,2,45,2,90,1.1,512,9,40
2025-10-29T17:44:50,stim_nv2_ang45_curv2_rot+135.png,/Users/miraicgoren/Documents/Curvature_Stimuli/stimuli27_oriented/images/curv2/stim_nv2_ang45_curv2_rot+135.png,2,45,2,135,1.1,512,9,40
2025-10-29T17:44:50,stim_nv2_ang45_curv2_rot+180.png,/Users/miraicgoren/Documents/Curvature_Stimuli/stimuli27_oriented/images/curv2/stim_nv2_ang45_curv2_rot+180.png,2,45,2,180,1.1,512,9,40
2025-10-29T17:44:50,stim_nv2_ang45_curv2_rot-045.png,/Users/miraicgoren/Documents/Curvature_Stimuli/stimuli27_oriented/images/curv2/stim_nv2_ang45_curv2_rot-045.png,2,45,2,-45,1.1,512,9,40
2025-10-29T17:44:50,stim_nv2_ang45_curv2_rot-090.png,/Users/miraicgoren/Documents/Curvature_Stimuli/stimuli27_oriented/images/curv2/stim_nv2_ang45_curv2_rot-090.png,2,45,2,-90,1.1,512,9,40
2025-10-29T17:44:50,stim_nv2_ang45_curv2_rot-135.png,/Users/miraicgoren/Documents/Curvature_Stimuli/stimuli27_oriented/images/curv2/stim_nv2_ang45_curv2_rot-135.png,2,45,2,-135,1.1,512,9,40
2025-10-29T17:44:50,stim_nv2_ang90_curv0_rot+000.png,/Users/miraicgoren/Documents/Curvature_Stimuli/stimuli27_oriented/images/curv0/stim_nv2_ang90_curv0_rot+000.png,2,90,0,0,0.0,512,9,40
2025-10-29T17:44:50,stim_nv2_ang90_curv0_rot+045.png,/Users/miraicgoren/Documents/Curvature_Stimuli/stimuli27_oriented/images/curv0/stim_nv2_ang90_curv0_rot+045.png,2,90,0,45,0.0,512,9,40
2025-10-29T17:44:50,stim_nv2_ang90_curv0_rot+090.png,/Users/miraicgoren/Documents/Curvature_Stimuli/stimuli27_oriented/images/curv0/stim_nv2_ang90_curv0_rot+090.png,2,90,0,90,0.0,512,9,40
2025-10-29T17:44:50,stim_nv2_ang90_curv0_rot+135.png,/Users/miraicgoren/Documents/Curvature_Stimuli/stimuli27_oriented/images/curv0/stim_nv2_ang90_curv0_rot+135.png,2,90,0,135,0.0,512,9,40
2025-10-29T17:44:50,stim_nv2_ang90_curv0_rot+180.png,/Users/miraicgoren/Documents/Curvature_Stimuli/stimuli27_oriented/images/curv0/stim_nv2_ang90_curv0_rot+180.png,2,90,0,180,0.0,512,9,40
2025-10-29T17:44:50,stim_nv2_ang90_curv0_rot-045.png,/Users/miraicgoren/Documents/Curvature_Stimuli/stimuli27_oriented/images/curv0/stim_nv2_ang90_curv0_rot-045.png,2,90,0,-45,0.0,512,9,40
2025-10-29T17:44:50,stim_nv2_ang90_curv0_rot-090.png,/Users/miraicgoren/Documents/Curvature_Stimuli/stimuli27_oriented/images/curv0/stim_nv2_ang90_curv0_rot-090.png,2,90,0,-90,0.0,512,9,40
2025-10-29T17:44:50,stim_nv2_ang90_curv0_rot-135.png,/Users/miraicgoren/Documents/Curvature_Stimuli/stimuli27_oriented/images/curv0/stim_nv2_ang90_curv0_rot-135.png,2,90,0,-135,0.0,512,9,40
2025-10-29T17:44:50,stim_nv2_ang90_curv1_rot+000.png,/Users/miraicgoren/Documents/Curvature_Stimuli/stimuli27_oriented/images/curv1/stim_nv2_ang90_curv1_rot+000.png,2,90,1,0,0.6,512,9,40
2025-10-29T17:44:50,stim_nv2_ang90_curv1_rot+045.png,/Users/miraicgoren/Documents/Curvature_Stimuli/stimuli27_oriented/images/curv1/stim_nv2_ang90_curv1_rot+045.png,2,90,1,45,0.6,512,9,40
2025-10-29T17:44:50,stim_nv2_ang90_curv1_rot+090.png,/Users/miraicgoren/Documents/Curvature_Stimuli/stimuli27_oriented/images/curv1/stim_nv2_ang90_curv1_rot+090.png,2,90,1,90,0.6,512,9,40
2025-10-29T17:44:50,stim_nv2_ang90_curv1_rot+135.png,/Users/miraicgoren/Documents/Curvature_Stimuli/stimuli27_oriented/images/curv1/stim_nv2_ang90_curv1_rot+135.png,2,90,1,135,0.6,512,9,40
2025-10-29T17:44:50,stim_nv2_ang90_curv1_rot+180.png,/Users/miraicgoren/Documents/Curvature_Stimuli/stimuli27_oriented/images/curv1/stim_nv2_ang90_curv1_rot+180.png,2,90,1,180,0.6,512,9,40
2025-10-29T17:44:50,stim_nv2_ang90_curv1_rot-045.png,/Users/miraicgoren/Documents/Curvature_Stimuli/stimuli27_oriented/images/curv1/stim_nv2_ang90_curv1_rot-045.png,2,90,1,-45,0.6,512,9,40
2025-10-29T17:44:50,stim_nv2_ang90_curv1_rot-090.png,/Users/miraicgoren/Documents/Curvature_Stimuli/stimuli27_oriented/images/curv1/stim_nv2_ang90_curv1_rot-090.png,2,90,1,-90,0.6,512,9,40
2025-10-29T17:44:50,stim_nv2_ang90_curv1_rot-135.png,/Users/miraicgoren/Documents/Curvature_Stimuli/stimuli27_oriented/images/curv1/stim_nv2_ang90_curv1_rot-135.png,2,90,1,-135,0.6,512,9,40
2025-10-29T17:44:50,stim_nv2_ang90_curv2_rot+000.png,/Users/miraicgoren/Documents/Curvature_Stimuli/stimuli27_oriented/images/curv2/stim_nv2_ang90_curv2_rot+000.png,2,90,2,0,1.1,512,9,40
2025-10-29T17:44:50,stim_nv2_ang90_curv2_rot+045.png,/Users/miraicgoren/Documents/Curvature_Stimuli/stimuli27_oriented/images/curv2/stim_nv2_ang90_curv2_rot+045.png,2,90,2,45,1.1,512,9,40
2025-10-29T17:44:51,stim_nv2_ang90_curv2_rot+090.png,/Users/miraicgoren/Documents/Curvature_Stimuli/stimuli27_oriented/images/curv2/stim_nv2_ang90_curv2_rot+090.png,2,90,2,90,1.1,512,9,40
2025-10-29T17:44:51,stim_nv2_ang90_curv2_rot+135.png,/Users/miraicgoren/Documents/Curvature_Stimuli/stimuli27_oriented/images/curv2/stim_nv2_ang90_curv2_rot+135.png,2,90,2,135,1.1,512,9,40
2025-10-29T17:44:51,stim_nv2_ang90_curv2_rot+180.png,/Users/miraicgoren/Documents/Curvature_Stimuli/stimuli27_oriented/images/curv2/stim_nv2_ang90_curv2_rot+180.png,2,90,2,180,1.1,512,9,40
2025-10-29T17:44:51,stim_nv2_ang90_curv2_rot-045.png,/Users/miraicgoren/Documents/Curvature_Stimuli/stimuli27_oriented/images/curv2/stim_nv2_ang90_curv2_rot-045.png,2,90,2,-45,1.1,512,9,40
2025-10-29T17:44:51,stim_nv2_ang90_curv2_rot-090.png,/Users/miraicgoren/Documents/Curvature_Stimuli/stimuli27_oriented/images/curv2/stim_nv2_ang90_curv2_rot-090.png,2,90,2,-90,1.1,512,9,40
2025-10-29T17:44:51,stim_nv2_ang90_curv2_rot-135.png,/Users/miraicgoren/Documents/Curvature_Stimuli/stimuli27_oriented/images/curv2/stim_nv2_ang90_curv2_rot-135.png,2,90,2,-135,1.1,512,9,40
2025-10-29T17:44:51,stim_nv2_ang135_curv0_rot+000.png,/Users/miraicgoren/Documents/Curvature_Stimuli/stimuli27_oriented/images/curv0/stim_nv2_ang135_curv0_rot+000.png,2,135,0,0,0.0,512,9,40
2025-10-29T17:44:51,stim_nv2_ang135_curv0_rot+045.png,/Users/miraicgoren/Documents/Curvature_Stimuli/stimuli27_oriented/images/curv0/stim_nv2_ang135_curv0_rot+045.png,2,135,0,45,0.0,512,9,40
2025-10-29T17:44:51,stim_nv2_ang135_curv0_rot+090.png,/Users/miraicgoren/Documents/Curvature_Stimuli/stimuli27_oriented/images/curv0/stim_nv2_ang135_curv0_rot+090.png,2,135,0,90,0.0,512,9,40
2025-10-29T17:44:51,stim_nv2_ang135_curv0_rot+135.png,/Users/miraicgoren/Documents/Curvature_Stimuli/stimuli27_oriented/images/curv0/stim_nv2_ang135_curv0_rot+135.png,2,135,0,135,0.0,512,9,40
2025-10-29T17:44:51,stim_nv2_ang135_curv0_rot+180.png,/Users/miraicgoren/Documents/Curvature_Stimuli/stimuli27_oriented/images/curv0/stim_nv2_ang135_curv0_rot+180.png,2,135,0,180,0.0,512,9,40
2025-10-29T17:44:51,stim_nv2_ang135_curv0_rot-045.png,/Users/miraicgoren/Documents/Curvature_Stimuli/stimuli27_oriented/images/curv0/stim_nv2_ang135_curv0_rot-045.png,2,135,0,-45,0.0,512,9,40
2025-10-29T17:44:51,stim_nv2_ang135_curv0_rot-090.png,/Users/miraicgoren/Documents/Curvature_Stimuli/stimuli27_oriented/images/curv0/stim_nv2_ang135_curv0_rot-090.png,2,135,0,-90,0.0,512,9,40
2025-10-29T17:44:51,stim_nv2_ang135_curv0_rot-135.png,/Users/miraicgoren/Documents/Curvature_Stimuli/stimuli27_oriented/images/curv0/stim_nv2_ang135_curv0_rot-135.png,2,135,0,-135,0.0,512,9,40
2025-10-29T17:44:51,stim_nv2_ang135_curv1_rot+000.png,/Users/miraicgoren/Documents/Curvature_Stimuli/stimuli27_oriented/images/curv1/stim_nv2_ang135_curv1_rot+000.png,2,135,1,0,0.6,512,9,40
2025-10-29T17:44:51,stim_nv2_ang135_curv1_rot+045.png,/Users/miraicgoren/Documents/Curvature_Stimuli/stimuli27_oriented/images/curv1/stim_nv2_ang135_curv1_rot+045.png,2,135,1,45,0.6,512,9,40
2025-10-29T17:44:51,stim_nv2_ang135_curv1_rot+090.png,/Users/miraicgoren/Documents/Curvature_Stimuli/stimuli27_oriented/images/curv1/stim_nv2_ang135_curv1_rot+090.png,2,135,1,90,0.6,512,9,40
2025-10-29T17:44:51,stim_nv2_ang135_curv1_rot+135.png,/Users/miraicgoren/Documents/Curvature_Stimuli/stimuli27_oriented/images/curv1/stim_nv2_ang135_curv1_rot+135.png,2,135,1,135,0.6,512,9,40
2025-10-29T17:44:51,stim_nv2_ang135_curv1_rot+180.png,/Users/miraicgoren/Documents/Curvature_Stimuli/stimuli27_oriented/images/curv1/stim_nv2_ang135_curv1_rot+180.png,2,135,1,180,0.6,512,9,40
2025-10-29T17:44:51,stim_nv2_ang135_curv1_rot-045.png,/Users/miraicgoren/Documents/Curvature_Stimuli/stimuli27_oriented/images/curv1/stim_nv2_ang135_curv1_rot-045.png,2,135,1,-45,0.6,512,9,40
2025-10-29T17:44:51,stim_nv2_ang135_curv1_rot-090.png,/Users/miraicgoren/Documents/Curvature_Stimuli/stimuli27_oriented/images/curv1/stim_nv2_ang135_curv1_rot-090.png,2,135,1,-90,0.6,512,9,40
2025-10-29T17:44:51,stim_nv2_ang135_curv1_rot-135.png,/Users/miraicgoren/Documents/Curvature_Stimuli/stimuli27_oriented/images/curv1/stim_nv2_ang135_curv1_rot-135.png,2,135,1,-135,0.6,512,9,40
2025-10-29T17:44:51,stim_nv2_ang135_curv2_rot+000.png,/Users/miraicgoren/Documents/Curvature_Stimuli/stimuli27_oriented/images/curv2/stim_nv2_ang135_curv2_rot+000.png,2,135,2,0,1.1,512,9,40
2025-10-29T17:44:51,stim_nv2_ang135_curv2_rot+045.png,/Users/miraicgoren/Documents/Curvature_Stimuli/stimuli27_oriented/images/curv2/stim_nv2_ang135_curv2_rot+045.png,2,135,2,45,1.1,512,9,40
2025-10-29T17:44:51,stim_nv2_ang135_curv2_rot+090.png,/Users/miraicgoren/Documents/Curvature_Stimuli/stimuli27_oriented/images/curv2/stim_nv2_ang135_curv2_rot+090.png,2,135,2,90,1.1,512,9,40
2025-10-29T17:44:51,stim_nv2_ang135_curv2_rot+135.png,/Users/miraicgoren/Documents/Curvature_Stimuli/stimuli27_oriented/images/curv2/stim_nv2_ang135_curv2_rot+135.png,2,135,2,135,1.1,512,9,40
2025-10-29T17:44:51,stim_nv2_ang135_curv2_rot+180.png,/Users/miraicgoren/Documents/Curvature_Stimuli/stimuli27_oriented/images/curv2/stim_nv2_ang135_curv2_rot+180.png,2,135,2,180,1.1,512,9,40
2025-10-29T17:44:51,stim_nv2_ang135_curv2_rot-045.png,/Users/miraicgoren/Documents/Curvature_Stimuli/stimuli27_oriented/images/curv2/stim_nv2_ang135_curv2_rot-045.png,2,135,2,-45,1.1,512,9,40
2025-10-29T17:44:51,stim_nv2_ang135_curv2_rot-090.png,/Users/miraicgoren/Documents/Curvature_Stimuli/stimuli27_oriented/images/curv2/stim_nv2_ang135_curv2_rot-090.png,2,135,2,-90,1.1,512,9,40
2025-10-29T17:44:52,stim_nv2_ang135_curv2_rot-135.png,/Users/miraicgoren/Documents/Curvature_Stimuli/stimuli27_oriented/images/curv2/stim_nv2_ang135_curv2_rot-135.png,2,135,2,-135,1.1,512,9,40
2025-10-29T17:44:52,stim_nv3_ang45_curv0_rot+000.png,/Users/miraicgoren/Documents/Curvature_Stimuli/stimuli27_oriented/images/curv0/stim_nv3_ang45_curv0_rot+000.png,3,45,0,0,0.0,512,9,40
2025-10-29T17:44:52,stim_nv3_ang45_curv0_rot+045.png,/Users/miraicgoren/Documents/Curvature_Stimuli/stimuli27_oriented/images/curv0/stim_nv3_ang45_curv0_rot+045.png,3,45,0,45,0.0,512,9,40
2025-10-29T17:44:52,stim_nv3_ang45_curv0_rot+090.png,/Users/miraicgoren/Documents/Curvature_Stimuli/stimuli27_oriented/images/curv0/stim_nv3_ang45_curv0_rot+090.png,3,45,0,90,0.0,512,9,40
2025-10-29T17:44:52,stim_nv3_ang45_curv0_rot+135.png,/Users/miraicgoren/Documents/Curvature_Stimuli/stimuli27_oriented/images/curv0/stim_nv3_ang45_curv0_rot+135.png,3,45,0,135,0.0,512,9,40
2025-10-29T17:44:52,stim_nv3_ang45_curv0_rot+180.png,/Users/miraicgoren/Documents/Curvature_Stimuli/stimuli27_oriented/images/curv0/stim_nv3_ang45_curv0_rot+180.png,3,45,0,180,0.0,512,9,40
2025-10-29T17:44:52,stim_nv3_ang45_curv0_rot-045.png,/Users/miraicgoren/Documents/Curvature_Stimuli/stimuli27_oriented/images/curv0/stim_nv3_ang45_curv0_rot-045.png,3,45,0,-45,0.0,512,9,40
2025-10-29T17:44:52,stim_nv3_ang45_curv0_rot-090.png,/Users/miraicgoren/Documents/Curvature_Stimuli/stimuli27_oriented/images/curv0/stim_nv3_ang45_curv0_rot-090.png,3,45,0,-90,0.0,512,9,40
2025-10-29T17:44:52,stim_nv3_ang45_curv0_rot-135.png,/Users/miraicgoren/Documents/Curvature_Stimuli/stimuli27_oriented/images/curv0/stim_nv3_ang45_curv0_rot-135.png,3,45,0,-135,0.0,512,9,40
2025-10-29T17:44:52,stim_nv3_ang45_curv1_rot+000.png,/Users/miraicgoren/Documents/Curvature_Stimuli/stimuli27_oriented/images/curv1/stim_nv3_ang45_curv1_rot+000.png,3,45,1,0,0.6,512,9,40
2025-10-29T17:44:52,stim_nv3_ang45_curv1_rot+045.png,/Users/miraicgoren/Documents/Curvature_Stimuli/stimuli27_oriented/images/curv1/stim_nv3_ang45_curv1_rot+045.png,3,45,1,45,0.6,512,9,40
2025-10-29T17:44:52,stim_nv3_ang45_curv1_rot+090.png,/Users/miraicgoren/Documents/Curvature_Stimuli/stimuli27_oriented/images/curv1/stim_nv3_ang45_curv1_rot+090.png,3,45,1,90,0.6,512,9,40
2025-10-29T17:44:52,stim_nv3_ang45_curv1_rot+135.png,/Users/miraicgoren/Documents/Curvature_Stimuli/stimuli27_oriented/images/curv1/stim_nv3_ang45_curv1_rot+135.png,3,45,1,135,0.6,512,9,40
2025-10-29T17:44:52,stim_nv3_ang45_curv1_rot+180.png,/Users/miraicgoren/Documents/Curvature_Stimuli/stimuli27_oriented/images/curv1/stim_nv3_ang45_curv1_rot+180.png,3,45,1,180,0.6,512,9,40
2025-10-29T17:44:52,stim_nv3_ang45_curv1_rot-045.png,/Users/miraicgoren/Documents/Curvature_Stimuli/stimuli27_oriented/images/curv1/stim_nv3_ang45_curv1_rot-045.png,3,45,1,-45,0.6,512,9,40
2025-10-29T17:44:52,stim_nv3_ang45_curv1_rot-090.png,/Users/miraicgoren/Documents/Curvature_Stimuli/stimuli27_oriented/images/curv1/stim_nv3_ang45_curv1_rot-090.png,3,45,1,-90,0.6,512,9,40
2025-10-29T17:44:52,stim_nv3_ang45_curv1_rot-135.png,/Users/miraicgoren/Documents/Curvature_Stimuli/stimuli27_oriented/images/curv1/stim_nv3_ang45_curv1_rot-135.png,3,45,1,-135,0.6,512,9,40
2025-10-29T17:44:52,stim_nv3_ang45_curv2_rot+000.png,/Users/miraicgoren/Documents/Curvature_Stimuli/stimuli27_oriented/images/curv2/stim_nv3_ang45_curv2_rot+000.png,3,45,2,0,1.1,512,9,40
2025-10-29T17:44:52,stim_nv3_ang45_curv2_rot+045.png,/Users/miraicgoren/Documents/Curvature_Stimuli/stimuli27_oriented/images/curv2/stim_nv3_ang45_curv2_rot+045.png,3,45,2,45,1.1,512,9,40
2025-10-29T17:44:52,stim_nv3_ang45_curv2_rot+090.png,/Users/miraicgoren/Documents/Curvature_Stimuli/stimuli27_oriented/images/curv2/stim_nv3_ang45_curv2_rot+090.png,3,45,2,90,1.1,512,9,40
2025-10-29T17:44:52,stim_nv3_ang45_curv2_rot+135.png,/Users/miraicgoren/Documents/Curvature_Stimuli/stimuli27_oriented/images/curv2/stim_nv3_ang45_curv2_rot+135.png,3,45,2,135,1.1,512,9,40
2025-10-29T17:44:52,stim_nv3_ang45_curv2_rot+180.png,/Users/miraicgoren/Documents/Curvature_Stimuli/stimuli27_oriented/images/curv2/stim_nv3_ang45_curv2_rot+180.png,3,45,2,180,1.1,512,9,40
2025-10-29T17:44:52,stim_nv3_ang45_curv2_rot-045.png,/Users/miraicgoren/Documents/Curvature_Stimuli/stimuli27_oriented/images/curv2/stim_nv3_ang45_curv2_rot-045.png,3,45,2,-45,1.1,512,9,40
2025-10-29T17:44:52,stim_nv3_ang45_curv2_rot-090.png,/Users/miraicgoren/Documents/Curvature_Stimuli/stimuli27_oriented/images/curv2/stim_nv3_ang45_curv2_rot-090.png,3,45,2,-90,1.1,512,9,40
2025-10-29T17:44:52,stim_nv3_ang45_curv2_rot-135.png,/Users/miraicgoren/Documents/Curvature_Stimuli/stimuli27_oriented/images/curv2/stim_nv3_ang45_curv2_rot-135.png,3,45,2,-135,1.1,512,9,40
2025-10-29T17:44:52,stim_nv3_ang90_curv0_rot+000.png,/Users/miraicgoren/Documents/Curvature_Stimuli/stimuli27_oriented/images/curv0/stim_nv3_ang90_curv0_rot+000.png,3,90,0,0,0.0,512,9,40
2025-10-29T17:44:52,stim_nv3_ang90_curv0_rot+045.png,/Users/miraicgoren/Documents/Curvature_Stimuli/stimuli27_oriented/images/curv0/stim_nv3_ang90_curv0_rot+045.png,3,90,0,45,0.0,512,9,40
2025-10-29T17:44:52,stim_nv3_ang90_curv0_rot+090.png,/Users/miraicgoren/Documents/Curvature_Stimuli/stimuli27_oriented/images/curv0/stim_nv3_ang90_curv0_rot+090.png,3,90,0,90,0.0,512,9,40
2025-10-29T17:44:52,stim_nv3_ang90_curv0_rot+135.png,/Users/miraicgoren/Documents/Curvature_Stimuli/stimuli27_oriented/images/curv0/stim_nv3_ang90_curv0_rot+135.png,3,90,0,135,0.0,512,9,40
2025-10-29T17:44:52,stim_nv3_ang90_curv0_rot+180.png,/Users/miraicgoren/Documents/Curvature_Stimuli/stimuli27_oriented/images/curv0/stim_nv3_ang90_curv0_rot+180.png,3,90,0,180,0.0,512,9,40
2025-10-29T17:44:53,stim_nv3_ang90_curv0_rot-045.png,/Users/miraicgoren/Documents/Curvature_Stimuli/stimuli27_oriented/images/curv0/stim_nv3_ang90_curv0_rot-045.png,3,90,0,-45,0.0,512,9,40
2025-10-29T17:44:53,stim_nv3_ang90_curv0_rot-090.png,/Users/miraicgoren/Documents/Curvature_Stimuli/stimuli27_oriented/images/curv0/stim_nv3_ang90_curv0_rot-090.png,3,90,0,-90,0.0,512,9,40
2025-10-29T17:44:53,stim_nv3_ang90_curv0_rot-135.png,/Users/miraicgoren/Documents/Curvature_Stimuli/stimuli27_oriented/images/curv0/stim_nv3_ang90_curv0_rot-135.png,3,90,0,-135,0.0,512,9,40
2025-10-29T17:44:53,stim_nv3_ang90_curv1_rot+000.png,/Users/miraicgoren/Documents/Curvature_Stimuli/stimuli27_oriented/images/curv1/stim_nv3_ang90_curv1_rot+000.png,3,90,1,0,0.6,512,9,40
2025-10-29T17:44:53,stim_nv3_ang90_curv1_rot+045.png,/Users/miraicgoren/Documents/Curvature_Stimuli/stimuli27_oriented/images/curv1/stim_nv3_ang90_curv1_rot+045.png,3,90,1,45,0.6,512,9,40
2025-10-29T17:44:53,stim_nv3_ang90_curv1_rot+090.png,/Users/miraicgoren/Documents/Curvature_Stimuli/stimuli27_oriented/images/curv1/stim_nv3_ang90_curv1_rot+090.png,3,90,1,90,0.6,512,9,40
2025-10-29T17:44:53,stim_nv3_ang90_curv1_rot+135.png,/Users/miraicgoren/Documents/Curvature_Stimuli/stimuli27_oriented/images/curv1/stim_nv3_ang90_curv1_rot+135.png,3,90,1,135,0.6,512,9,40
2025-10-29T17:44:53,stim_nv3_ang90_curv1_rot+180.png,/Users/miraicgoren/Documents/Curvature_Stimuli/stimuli27_oriented/images/curv1/stim_nv3_ang90_curv1_rot+180.png,3,90,1,180,0.6,512,9,40
2025-10-29T17:44:53,stim_nv3_ang90_curv1_rot-045.png,/Users/miraicgoren/Documents/Curvature_Stimuli/stimuli27_oriented/images/curv1/stim_nv3_ang90_curv1_rot-045.png,3,90,1,-45,0.6,512,9,40
2025-10-29T17:44:53,stim_nv3_ang90_curv1_rot-090.png,/Users/miraicgoren/Documents/Curvature_Stimuli/stimuli27_oriented/images/curv1/stim_nv3_ang90_curv1_rot-090.png,3,90,1,-90,0.6,512,9,40
2025-10-29T17:44:53,stim_nv3_ang90_curv1_rot-135.png,/Users/miraicgoren/Documents/Curvature_Stimuli/stimuli27_oriented/images/curv1/stim_nv3_ang90_curv1_rot-135.png,3,90,1,-135,0.6,512,9,40
2025-10-29T17:44:53,stim_nv3_ang90_curv2_rot+000.png,/Users/miraicgoren/Documents/Curvature_Stimuli/stimuli27_oriented/images/curv2/stim_nv3_ang90_curv2_rot+000.png,3,90,2,0,1.1,512,9,40
2025-10-29T17:44:53,stim_nv3_ang90_curv2_rot+045.png,/Users/miraicgoren/Documents/Curvature_Stimuli/stimuli27_oriented/images/curv2/stim_nv3_ang90_curv2_rot+045.png,3,90,2,45,1.1,512,9,40
2025-10-29T17:44:53,stim_nv3_ang90_curv2_rot+090.png,/Users/miraicgoren/Documents/Curvature_Stimuli/stimuli27_oriented/images/curv2/stim_nv3_ang90_curv2_rot+090.png,3,90,2,90,1.1,512,9,40
2025-10-29T17:44:53,stim_nv3_ang90_curv2_rot+135.png,/Users/miraicgoren/Documents/Curvature_Stimuli/stimuli27_oriented/images/curv2/stim_nv3_ang90_curv2_rot+135.png,3,90,2,135,1.1,512,9,40
2025-10-29T17:44:53,stim_nv3_ang90_curv2_rot+180.png,/Users/miraicgoren/Documents/Curvature_Stimuli/stimuli27_oriented/images/curv2/stim_nv3_ang90_curv2_rot+180.png,3,90,2,180,1.1,512,9,40
2025-10-29T17:44:53,stim_nv3_ang90_curv2_rot-045.png,/Users/miraicgoren/Documents/Curvature_Stimuli/stimuli27_oriented/images/curv2/stim_nv3_ang90_curv2_rot-045.png,3,90,2,-45,1.1,512,9,40
2025-10-29T17:44:53,stim_nv3_ang90_curv2_rot-090.png,/Users/miraicgoren/Documents/Curvature_Stimuli/stimuli27_oriented/images/curv2/stim_nv3_ang90_curv2_rot-090.png,3,90,2,-90,1.1,512,9,40
2025-10-29T17:44:53,stim_nv3_ang90_curv2_rot-135.png,/Users/miraicgoren/Documents/Curvature_Stimuli/stimuli27_oriented/images/curv2/stim_nv3_ang90_curv2_rot-135.png,3,90,2,-135,1.1,512,9,40
2025-10-29T17:44:53,stim_nv3_ang135_curv0_rot+000.png,/Users/miraicgoren/Documents/Curvature_Stimuli/stimuli27_oriented/images/curv0/stim_nv3_ang135_curv0_rot+000.png,3,135,0,0,0.0,512,9,40
2025-10-29T17:44:53,stim_nv3_ang135_curv0_rot+045.png,/Users/miraicgoren/Documents/Curvature_Stimuli/stimuli27_oriented/images/curv0/stim_nv3_ang135_curv0_rot+045.png,3,135,0,45,0.0,512,9,40
2025-10-29T17:44:53,stim_nv3_ang135_curv0_rot+090.png,/Users/miraicgoren/Documents/Curvature_Stimuli/stimuli27_oriented/images/curv0/stim_nv3_ang135_curv0_rot+090.png,3,135,0,90,0.0,512,9,40
2025-10-29T17:44:53,stim_nv3_ang135_curv0_rot+135.png,/Users/miraicgoren/Documents/Curvature_Stimuli/stimuli27_oriented/images/curv0/stim_nv3_ang135_curv0_rot+135.png,3,135,0,135,0.0,512,9,40
2025-10-29T17:44:53,stim_nv3_ang135_curv0_rot+180.png,/Users/miraicgoren/Documents/Curvature_Stimuli/stimuli27_oriented/images/curv0/stim_nv3_ang135_curv0_rot+180.png,3,135,0,180,0.0,512,9,40
2025-10-29T17:44:53,stim_nv3_ang135_curv0_rot-045.png,/Users/miraicgoren/Documents/Curvature_Stimuli/stimuli27_oriented/images/curv0/stim_nv3_ang135_curv0_rot-045.png,3,135,0,-45,0.0,512,9,40
2025-10-29T17:44:53,stim_nv3_ang135_curv0_rot-090.png,/Users/miraicgoren/Documents/Curvature_Stimuli/stimuli27_oriented/images/curv0/stim_nv3_ang135_curv0_rot-090.png,3,135,0,-90,0.0,512,9,40
2025-10-29T17:44:53,stim_nv3_ang135_curv0_rot-135.png,/Users/miraicgoren/Documents/Curvature_Stimuli/stimuli27_oriented/images/curv0/stim_nv3_ang135_curv0_rot-135.png,3,135,0,-135,0.0,512,9,40
2025-10-29T17:44:53,stim_nv3_ang135_curv1_rot+000.png,/Users/miraicgoren/Documents/Curvature_Stimuli/stimuli27_oriented/images/curv1/stim_nv3_ang135_curv1_rot+000.png,3,135,1,0,0.6,512,9,40
2025-10-29T17:44:54,stim_nv3_ang135_curv1_rot+045.png,/Users/miraicgoren/Documents/Curvature_Stimuli/stimuli27_oriented/images/curv1/stim_nv3_ang135_curv1_rot+045.png,3,135,1,45,0.6,512,9,40
2025-10-29T17:44:54,stim_nv3_ang135_curv1_rot+090.png,/Users/miraicgoren/Documents/Curvature_Stimuli/stimuli27_oriented/images/curv1/stim_nv3_ang135_curv1_rot+090.png,3,135,1,90,0.6,512,9,40
2025-10-29T17:44:54,stim_nv3_ang135_curv1_rot+135.png,/Users/miraicgoren/Documents/Curvature_Stimuli/stimuli27_oriented/images/curv1/stim_nv3_ang135_curv1_rot+135.png,3,135,1,135,0.6,512,9,40
2025-10-29T17:44:54,stim_nv3_ang135_curv1_rot+180.png,/Users/miraicgoren/Documents/Curvature_Stimuli/stimuli27_oriented/images/curv1/stim_nv3_ang135_curv1_rot+180.png,3,135,1,180,0.6,512,9,40
2025-10-29T17:44:54,stim_nv3_ang135_curv1_rot-045.png,/Users/miraicgoren/Documents/Curvature_Stimuli/stimuli27_oriented/images/curv1/stim_nv3_ang135_curv1_rot-045.png,3,135,1,-45,0.6,512,9,40
2025-10-29T17:44:54,stim_nv3_ang135_curv1_rot-090.png,/Users/miraicgoren/Documents/Curvature_Stimuli/stimuli27_oriented/images/curv1/stim_nv3_ang135_curv1_rot-090.png,3,135,1,-90,0.6,512,9,40
2025-10-29T17:44:54,stim_nv3_ang135_curv1_rot-135.png,/Users/miraicgoren/Documents/Curvature_Stimuli/stimuli27_oriented/images/curv1/stim_nv3_ang135_curv1_rot-135.png,3,135,1,-135,0.6,512,9,40
2025-10-29T17:44:54,stim_nv3_ang135_curv2_rot+000.png,/Users/miraicgoren/Documents/Curvature_Stimuli/stimuli27_oriented/images/curv2/stim_nv3_ang135_curv2_rot+000.png,3,135,2,0,1.1,512,9,40
2025-10-29T17:44:54,stim_nv3_ang135_curv2_rot+045.png,/Users/miraicgoren/Documents/Curvature_Stimuli/stimuli27_oriented/images/curv2/stim_nv3_ang135_curv2_rot+045.png,3,135,2,45,1.1,512,9,40
2025-10-29T17:44:54,stim_nv3_ang135_curv2_rot+090.png,/Users/miraicgoren/Documents/Curvature_Stimuli/stimuli27_oriented/images/curv2/stim_nv3_ang135_curv2_rot+090.png,3,135,2,90,1.1,512,9,40
2025-10-29T17:44:54,stim_nv3_ang135_curv2_rot+135.png,/Users/miraicgoren/Documents/Curvature_Stimuli/stimuli27_oriented/images/curv2/stim_nv3_ang135_curv2_rot+135.png,3,135,2,135,1.1,512,9,40
2025-10-29T17:44:54,stim_nv3_ang135_curv2_rot+180.png,/Users/miraicgoren/Documents/Curvature_Stimuli/stimuli27_oriented/images/curv2/stim_nv3_ang135_curv2_rot+180.png,3,135,2,180,1.1,512,9,40
2025-10-29T17:44:54,stim_nv3_ang135_curv2_rot-045.png,/Users/miraicgoren/Documents/Curvature_Stimuli/stimuli27_oriented/images/curv2/stim_nv3_ang135_curv2_rot-045.png,3,135,2,-45,1.1,512,9,40
2025-10-29T17:44:54,stim_nv3_ang135_curv2_rot-090.png,/Users/miraicgoren/Documents/Curvature_Stimuli/stimuli27_oriented/images/curv2/stim_nv3_ang135_curv2_rot-090.png,3,135,2,-90,1.1,512,9,40
2025-10-29T17:44:54,stim_nv3_ang135_curv2_rot-135.png,/Users/miraicgoren/Documents/Curvature_Stimuli/stimuli27_oriented/images/curv2/stim_nv3_ang135_curv2_rot-135.png,3,135,2,-135,1.1,512,9,40
